Workbook

Sheet Precios
A1: Fecha | B1: S29E7 | C1: TMF27 | D1: TML27 | E1: T15E7 | F1: T31Y7 | G1: T31Y7 | H1: X29E7 | I1: TZXY7 | J1: S30N6 | K1: T30A7 | L1: T30J7 | M1: TZX27 | N1: TZXA7 | O1: X30N6
A2: 46072 | C2: 103 | E2: 121.45 | F2: 103.7 | G2: 1.037 | I2: 1.039 | J2: 1.0255 | K2: 1.096 | L2: 1.0525 | M2: 3.149 | N2: 0.995 | O2: 1.004
A3: 46073 | C3: 104.9 | E3: 121.8 | F3: 104.15 | G3: 1.0415 | I3: 1.0385 | J3: 1.0275 | K3: 1.1015 | L3: 1.055 | M3: 3.195 | N3: 0.99 | O3: 1.00525
A4: 46076 | C4: 104 | E4: 121.9 | F4: 103.5 | G4: 1.035 | I4: 1 | J4: 1.0294 | K4: 1.103 | L4: 1.052 | M4: 3.183 | N4: 1.033 | O4: 1.0085
A5: 46077 | C5: 103.5 | E5: 123.55 | F5: 105.15 | G5: 1.0515 | I5: 1.009 | J5: 1.03895 | K5: 1.116 | L5: 1.0615 | M5: 3.178 | N5: 1.005 | O5: 1.0115
A6: 46078 | C6: 104.9 | E6: 123.6 | F6: 105.5 | G6: 1.055 | J6: 1.041 | K6: 1.119 | L6: 1.0615 | M6: 3.1705 | N6: 1.005 | O6: 1.0115
A7: 46079 | C7: 103.5 | E7: 124.15 | F7: 106 | G7: 1.06 | I7: 1.026 | J7: 1.04201 | K7: 1.1255 | L7: 1.075 | M7: 3.204 | N7: 1.01 | O7: 1.017
A8: 46080 | C8: 104.9 | E8: 124.5 | F8: 106 | G8: 1.06 | I8: 1.029 | J8: 1.049 | K8: 1.1285 | L8: 1.104 | M8: 3.25 | N8: 1.04 | O8: 1.0245
A9: 46083 | C9: 107 | E9: 124.8 | F9: 106.75 | G9: 1.0675 | I9: 1.029 | J9: 1.0555 | K9: 1.1285 | L9: 1.091 | M9: 3.2555 | N9: 1.02 | O9: 1.024
A10: 46084 | C10: 106.8 | E10: 124.3 | F10: 106.7 | G10: 1.067 | I10: 1.029 | J10: 1.0585 | K10: 1.122 | L10: 1.084 | M10: 3.2325 | N10: 1.03 | O10: 1.027
A11: 46085 | C11: 106.8 | E11: 124.6 | F11: 106.75 | G11: 1.0675 | I11: 0.998 | J11: 1.0575 | K11: 1.125 | L11: 1.085 | M11: 3.249 | N11: 1.04 | O11: 1.03
A12: 46086 | C12: 105.2 | E12: 124.6 | F12: 106.5 | G12: 1.065 | I12: 1.039 | J12: 1.05236 | K12: 1.1245 | L12: 1.0775 | M12: 3.246 | N12: 1.0675 | O12: 1.032
A13: 46087 | C13: 105 | E13: 124.65 | F13: 106 | G13: 1.06 | I13: 1.0455 | J13: 1.048 | K13: 1.124 | L13: 1.075 | M13: 3.241 | O13: 1.035
A14: 46090 | C14: 104.55 | E14: 125 | F14: 105.75 | G14: 1.0575 | I14: 1.0395 | J14: 1.045 | K14: 1.125 | L14: 1.0745 | M14: 3.25 | N14: 1.0675 | O14: 1.0359
A15: 46091 | C15: 106.05 | E15: 125.5 | F15: 106.65 | G15: 1.0665 | I15: 1.01 | J15: 1.0494 | K15: 1.1295 | L15: 1.075 | M15: 3.25 | N15: 1.068 | O15: 1.0379
A16: 46092 | C16: 106.8 | E16: 126 | F16: 106.8 | G16: 1.068 | I16: 1.02 | J16: 1.05 | K16: 1.1355 | L16: 1.083 | M16: 3.254 | N16: 1.0675 | O16: 1.0385
A17: 46093 | C17: 106.2 | E17: 124.5 | F17: 106.45 | G17: 1.0645 | I17: 1.01 | J17: 1.0455 | K17: 1.1285 | L17: 1.0825 | M17: 3.2505 | N17: 1.016 | O17: 1.04099
A18: 46094 | C18: 107.95 | E18: 125.9 | F18: 106.55 | G18: 1.0655 | I18: 1.037 | J18: 1.059 | K18: 1.1355 | L18: 1.0875 | M18: 3.3 | N18: 1.038 | O18: 1.054
A19: 46097 | C19: 107.75 | E19: 127.15 | F19: 107.1 | G19: 1.071 | I19: 1.0485 | J19: 1.0609 | K19: 1.142 | L19: 1.087 | M19: 3.343 | N19: 1.048 | O19: 1.066
A20: 46098 | C20: 107.25 | E20: 127.4 | F20: 107.75 | G20: 1.0775 | I20: 1.045 | J20: 1.0617 | K20: 1.144 | L20: 1.095 | M20: 3.39 | N20: 1.0485 | O20: 1.0665
A21: 46099 | C21: 106.95 | E21: 127.6 | F21: 107.55 | G21: 1.0755 | I21: 1.05 | J21: 1.063 | K21: 1.1465 | L21: 1.098 | M21: 3.4045 | N21: 1.07 | O21: 1.0693
A22: 46100 | C22: 106.65 | E22: 128.1 | F22: 108.8 | G22: 1.088 | I22: 1.049 | J22: 1.0675 | K22: 1.1555 | L22: 1.1 | M22: 3.36 | N22: 1.069 | O22: 1.0665
A23: 46101 | C23: 107.5 | E23: 128.15 | F23: 109.2 | G23: 1.092 | I23: 1.04 | J23: 1.074 | K23: 1.1625 | L23: 1.105 | M23: 3.369 | N23: 1.06 | O23: 1.0725
A24: 46104 | C24: 108.15 | E24: 128.5 | F24: 109.8 | G24: 1.098 | I24: 1.05 | J24: 1.086 | K24: 1.167 | L24: 1.1195 | M24: 3.4215 | N24: 1.0695 | O24: 1.0795
A25: 46106 | C25: 106.2 | E25: 128.65 | F25: 110.1 | G25: 1.101 | I25: 1.065 | J25: 1.07599 | K25: 1.167 | L25: 1.109 | M25: 3.41 | N25: 1.0675 | O25: 1.0745
... A88: 46202 | C88: 116.2 | E88: 142.25 | F88: 122.85 | G88: 1.2285 | I88: 1.1645 | J88: 1.18555 | K88: 1.29839 | L88: 1.2375 | M88: 3.771 | N88: 1.175 | O88: 1.1877
A89: 46203 | C89: 116.5 | D89: 101.7 | E89: 142.84 | F89: 123.06 | G89: 1.2306 | I89: 1.163 | J89: 1.189 | K89: 1.30189 | L89: 1.25645 | M89: 3.777 | N89: 1.1815 | O89: 1.189
A90: 46204 | C90: 116.15 | D90: 101.6 | E90: 143 | F90: 123.7 | G90: 1.237 | I90: 1.163 | J90: 1.188 | K90: 1.3029 | L90: 1.248 | M90: 3.77 | N90: 1.1785 | O90: 1.189
A91: 46205 | C91: 116.2 | D91: 101.7 | E91: 143.249 | F91: 123.45 | G91: 1.2345 | I91: 1.163 | J91: 1.188 | K91: 1.3055 | L91: 1.252 | M91: 3.779 | N91: 1.1875 | O91: 1.1907
A92: 46206 | C92: 116.55 | D92: 102.3 | E92: 144 | F92: 123.61 | G92: 1.2361 | I92: 1.165 | J92: 1.1905 | K92: 1.31 | L92: 1.256 | M92: 3.8045 | N92: 1.1845 | O92: 1.19412
A93: 46209 | C93: 116.6 | D93: 102.5 | E93: 143.2 | F93: 123.999 | G93: 1.23999 | I93: 1.1615 | J93: 1.191 | K93: 1.312 | L93: 1.259 | M93: 3.828 | N93: 1.1885 | O93: 1.19675
A94: 46210 | C94: 116.65 | D94: 102.8 | E94: 144.2 | F94: 124.5 | G94: 1.245 | I94: 1.169 | J94: 1.1911 | K94: 1.3131 | L94: 1.265 | M94: 3.833 | N94: 1.188 | O94: 1.196
A95: 46211 | C95: 117.05 | D95: 102.9 | E95: 144 | F95: 124.701 | G95: 1.24701 | I95: 1.169 | J95: 1.19548 | K95: 1.315 | L95: 1.2675 | M95: 3.84 | N95: 1.18 | O95: 1.1995
A96: 46213 | C96: 118.95 | D96: 104 | E96: 144.4 | F96: 126 | G96: 1.26 | I96: 1.179 | J96: 1.1985 | K96: 1.3155 | L96: 1.275 | M96: 3.838 | O96: 1.20112
A97: 46216 | C97: 117 | D97: 102.9 | E97: 144.32 | F97: 124.5 | G97: 1.245 | I97: 1.168 | J97: 1.1939 | K97: 1.316 | L97: 1.2681 | M97: 3.838 | N97: 1.19 | O97: 1.199
A98: 46217 | C98: 117.1 | D98: 103 | E98: 144.05 | F98: 124.439 | G98: 1.24439 | I98: 1.168 | J98: 1.19262 | K98: 1.3155 | L98: 1.26899 | M98: 3.8445 | N98: 1.1895 | O98: 1.1995
A99: 46218 | C99: 117.1 | D99: 103.75 | E99: 144.35 | F99: 124.45 | G99: 1.2445 | I99: 1.172 | J99: 1.197 | K99: 1.317 | L99: 1.275 | M99: 3.8475 | N99: 1.191 | O99: 1.19871
A100: 46219 | C100: 116.95 | D100: 103.3 | E100: 143.8 | F100: 124.32 | G100: 1.2432 | I100: 1.168 | J100: 1.19263 | K100: 1.31499 | L100: 1.27 | M100: 3.845 | N100: 1.1905 | O100: 1.2014
A101: 46220 | C101: 117.2 | D101: 103.1 | E101: 144.34 | F101: 124.45 | G101: 1.2445 | I101: 1.165 | J101: 1.1964 | K101: 1.3172 | L101: 1.2619 | M101: 3.845 | N101: 1.1945 | O101: 1.2036
A102: 46223 | C102: 117.2 | D102: 103.15 | E102: 144.2 | F102: 124.37 | G102: 1.2437 | I102: 1.171 | J102: 1.19679 | K102: 1.316 | L102: 1.26 | M102: 3.8525 | N102: 1.1905 | O102: 1.207
A103: 46224 | C103: 117.4 | D103: 103.2 | E103: 144 | F103: 124.29 | G103: 1.2429 | I103: 1.178 | J103: 1.19643 | K103: 1.3162 | L103: 1.2588 | M103: 3.852 | N103: 1.194 | O103: 1.207
A104: 46225 | C104: 117.4 | D104: 103.4 | E104: 144.1 | F104: 124.099 | G104: 1.24099 | I104: 1.179 | J104: 1.1965 | K104: 1.31498 | L104: 1.2565 | M104: 3.8645 | N104: 1.196 | O104: 1.208
A105: 46226 | C105: 117.6 | D105: 103.4 | E105: 144.139 | F105: 123.9 | G105: 1.239 | I105: 1.183 | J105: 1.1965 | K105: 1.3128 | L105: 1.2535 | M105: 3.866 | N105: 1.197 | O105: 1.2095
A106: 46227 | C106: 117.85 | D106: 103.8 | E106: 144.2 | F106: 123.85 | G106: 1.2385 | I106: 1.184 | J106: 1.199 | K106: 1.3145 | L106: 1.257 | M106: 3.8745 | N106: 1.198 | O106: 1.2116
A107: 46230 | C107: 117.8 | D107: 103.95 | E107: 144.519 | F107: 124.05 | G107: 1.2405 | I107: 1.185 | J107: 1.19931 | K107: 1.31425 | L107: 1.256 | M107: 3.88 | N107: 1.2 | O107: 1.2118
A108: 46231 | C108: 118.35 | D108: 104.25 | E108: 144.2 | F108: 123.95 | G108: 1.2395 | I108: 1.181 | J108: 1.19835 | K108: 1.312 | L108: 1.256 | M108: 3.8785 | N108: 1.2 | O108: 1.21247
... A120: 46247 | C120: 119.15 | D120: 105 | E120: 144.65 | F120: 123.6 | G120: 1.236 | I120: 1.188 | J120: 1.2073 | K120: 1.3113 | L120: 1.2585 | M120: 3.878 | N120: 1.211 | O120: 1.2244
A121: 46248 | C121: 119.25 | D121: 105.2 | E121: 145.3 | F121: 123.88 | G121: 1.2388 | H121: 0.9825 | I121: 1.188 | J121: 1.21045 | K121: 1.31451 | L121: 1.2584 | M121: 3.889 | N121: 1.2075 | O121: 1.227
A122: 46252 | C122: 118.05 | D122: 105 | E122: 144.65 | F122: 122.51 | G122: 1.2251 | H122: 0.9785 | I122: 1.1755 | J122: 1.2036 | K122: 1.3025 | L122: 1.2545 | M122: 3.85 | N122: 1.207 | O122: 1.224
A123: 46253 | C123: 118.65 | D123: 104.9 | E123: 144.2 | F123: 122.5 | G123: 1.225 | H123: 0.974 | I123: 1.18 | J123: 1.2025 | K123: 1.2967 | L123: 1.252 | M123: 3.8405 | N123: 1.2 | O123: 1.22
A124: 46254 | C124: 119.45 | D124: 105.2 | E124: 145.1 | F124: 124.1 | G124: 1.241 | H124: 0.9815 | I124: 1.184 | J124: 1.2098 | K124: 1.3154 | L124: 1.258 | M124: 3.851 | N124: 1.205 | O124: 1.2235
A125: 46255 | C125: 120 | D125: 105.45 | E125: 145.7 | F125: 124.35 | G125: 1.2435 | H125: 0.983 | I125: 1.19 | J125: 1.21435 | K125: 1.3194 | L125: 1.26 | M125: 3.8625 | N125: 1.2095 | O125: 1.2265
A126: 46258 | C126: 120.25 | D126: 105.25 | E126: 146.08 | F126: 124.63 | G126: 1.2463 | H126: 0.9845 | I126: 1.19 | J126: 1.2152 | K126: 1.3234 | L126: 1.26 | M126: 3.875 | N126: 1.211 | O126: 1.228
A127: 46259 | C127: 120.15 | D127: 105.3 | E127: 145.652 | F127: 124.55 | G127: 1.2455 | H127: 0.9838 | I127: 1.1965 | J127: 1.2144 | K127: 1.3219 | L127: 1.2534 | M127: 3.8815 | N127: 1.2175 | O127: 1.228
A128: 46260 | C128: 120.35 | D128: 105.4 | E128: 145.45 | F128: 124.15 | G128: 1.2415 | H128: 0.983 | I128: 1.181 | J128: 1.21475 | K128: 1.31945 | L128: 1.25345 | M128: 3.8805 | N128: 1.2145 | O128: 1.2275
A129: 46261 | C129: 120.6 | D129: 105.45 | E129: 145.75 | F129: 123.99 | G129: 1.2399 | H129: 0.983 | I129: 1.182 | J129: 1.2157 | K129: 1.3193 | L129: 1.2542 | M129: 3.888 | N129: 1.219 | O129: 1.2312
A130: 46262 | C130: 120.8 | D130: 105.8 | E130: 146.45 | F130: 124.45 | G130: 1.2445 | H130: 0.9855 | I130: 1.19 | J130: 1.2188 | K130: 1.3259 | L130: 1.261 | M130: 3.895 | N130: 1.2165 | O130: 1.2335
A131: 46265 | C131: 121.15 | D131: 106.85 | E131: 146.94 | F131: 124.85 | G131: 1.2485 | H131: 0.9875 | I131: 1.2035 | J131: 1.2212 | K131: 1.3277 | L131: 1.264 | M131: 3.8965 | N131: 1.221 | O131: 1.235
A132: 46266 | B132: 1.0090604 | C132: 1.2130008 | D132: 1.0690003 | E132: 1.471868 | F132: 1.2513123 | G132: 1.2513123 | H132: 0.98939815 | I132: 121.65 | J132: 1.2227817 | K132: 1.3298811 | L132: 1.2646347 | M132: 3.919228 | N132: 1.2169272 | O132: 1.2377929
A133: 46267 | B133: 1.0100604 | C133: 1.2147051 | D133: 1.0690074 | E133: 1.4720118 | F133: 1.2529571 | G133: 1.2529571 | H133: 0.99174496 | I133: 1.207526 | J133: 1.2238402 | K133: 1.3322659 | L133: 1.2655442 | M133: 3.9397009 | N133: 1.2199579 | O133: 1.2384295
A134: 46268 | B134: 1.010843 | C134: 1.2157257 | D134: 1.0687348 | E134: 1.4736208 | F134: 1.2542112 | G134: 1.2542112 | H134: 0.99424605 | I134: 1.2015347 | J134: 1.2249303 | K134: 1.3337052 | L134: 1.2674898 | M134: 3.9534793 | N134: 1.2234793 | O134: 1.2404261
A135: 46269 | B135: 1.0127881 | C135: 1.2178138 | D135: 1.0742336 | E135: 1.4765108 | F135: 1.2585695 | G135: 1.2585695 | H135: 0.99898216 | I135: 1.2075781 | J135: 1.2272383 | K135: 1.337905 | L135: 1.2687159 | M135: 3.9560157 | N135: 1.229144 | O135: 1.243422
A136: 46272 | B136: 1.0133567 | C136: 1.2177764 | D136: 1.0713624 | E136: 1.4698733 | F136: 1.2595069 | G136: 1.2595069 | H136: 0.99773075 | I136: 1.2105392 | J136: 1.2289347 | K136: 1.3382433 | L136: 1.2693322 | M136: 3.9592439 | N136: 1.2303536 | O136: 1.2448658
A137: 46273 | B137: 1.0132366 | C137: 1.217781 | D137: 1.0716682 | E137: 1.4748975 | F137: 1.2577613 | G137: 1.2577613 | H137: 0.99844274 | I137: 1.2125096 | J137: 1.2290583 | K137: 1.3382575 | L137: 1.2710375 | M137: 3.9737443 | N137: 1.23 | O137: 1.2462282
A138: 46274 | B138: 1.0115058 | C138: 1.2187584 | D138: 1.074995 | E138: 1.4749057 | F138: 1.2568113 | G138: 1.2568113 | H138: 0.997584 | I138: 1.211 | J138: 1.2284158 | K138: 1.3364771 | L138: 1.267933 | M138: 3.9671135 | N138: 1.2315877 | O138: 1.2453558
A139: 46275 | B139: 1.0156022 | C139: 1.217141 | D139: 1.0745 | E139: 1.4784657 | F139: 1.2607528 | G139: 1.2607528 | H139: 0.99770474 | I139: 1.209 | J139: 1.2302787 | K139: 1.3407503 | L139: 1.2725216 | M139: 3.9624616 | N139: 1.2250564 | O139: 1.2462244
A140: 46276 | B140: 1.017182 | C140: 1.2200571 | D140: 1.0730104 | E140: 1.4830342 | F140: 1.2616848 | G140: 1.2616848 | H140: 1.000473 | I140: 1.2105345 | J140: 1.2319227 | K140: 1.3419946 | L140: 1.2753462 | M140: 3.9727677 | N140: 1.2300208 | O140: 1.2490355
A141: 46279 | B141: 1.0194177 | C141: 1.2240582 | D141: 1.0804226 | E141: 1.4858866 | F141: 1.2666343 | G141: 1.2666343 | H141: 1.0060696 | I141: 1.2153985 | J141: 1.235444 | K141: 1.3445099 | L141: 1.2776039 | M141: 3.9954636 | N141: 1.2415134 | O141: 1.2528989
A142: 46280 | B142: 1.0204413 | C142: 1.225872 | D142: 1.0821337 | E142: 1.4879084 | F142: 1.265318 | G142: 1.265318 | H142: 1.0074689 | I142: 1.222779 | J142: 1.236516 | K142: 1.345641 | L142: 1.2780193 | M142: 4.0055003 | N142: 1.245503 | O142: 1.2540483
A143: 46281 | B143: 1.0214054 | C143: 1.2271993 | D143: 1.0849929 | E143: 1.4886435 | F143: 1.2667625 | G143: 1.2667625 | H143: 1.0089119 | I143: 1.2289189 | J143: 1.2379524 | K143: 1.3460999 | L143: 1.2794401 | M143: 4.0296776 | N143: 1.2507881 | O143: 1.2568758
... A150: 46290 | B150: 1.0266373 | C150: 1.2375667 | D150: 1.0920285 | E150: 1.4954675 | F150: 1.2697028 | G150: 1.2697028 | H150: 1.0173794 | I150: 1.2275508 | J150: 1.2469368 | K150: 1.3493976 | L150: 1.2844502 | M150: 4.0183253 | N150: 1.2490924 | O150: 1.2646538
A151: =+WORKDAY(A150,1,Feriados!$A$2:$A$38) -> 46293 | B151: 1.0268138 | C151: 1.2389035 | D151: 1.0912434 | E151: 1.4964231 | F151: 1.2672364 | G151: 1.2672364 | H151: 1.0173736 | I151: 1.2309273 | J151: 1.246944 | K151: 1.3470453 | L151: 1.280515 | M151: 4.0270874 | N151: 1.2595746 | O151: 1.2661488
A152: =+WORKDAY(A151,1,Feriados!$A$2:$A$38) -> 46294 | B152: 1.0280822 | C152: 1.2374037 | D152: 1.0895 | E152: 1.4953793 | F152: 1.268165 | G152: 1.268165 | H152: 1.0179864 | I152: 1.2284254 | J152: 1.2482832 | K152: 1.3485887 | L152: 1.2803557 | M152: 4.0389833 | N152: 1.249 | O152: 1.2669357
A153: =+WORKDAY(A152,1,Feriados!$A$2:$A$38) -> 46295 | B153: 1.0294135 | C153: 1.2382488 | D153: 1.0914044 | E153: 1.498332 | F153: 1.2717833 | G153: 1.2717833 | H153: 1.0209493 | I153: 1.2336243 | J153: 1.2495673 | K153: 1.3505429 | L153: 1.284976 | M153: 4.0563561 | N153: 1.2612042 | O153: 1.2695935
A154: =+WORKDAY(A153,1,Feriados!$A$2:$A$38) -> 46296 | B154: 1.0312511 | C154: 1.2417132 | D154: 1.093718 | E154: 1.500497 | F154: 1.2719945 | G154: 1.2719945 | H154: 1.0234993 | I154: 1.2413334 | J154: 1.2519362 | K154: 1.35354 | L154: 1.286086 | M154: 4.0714517 | N154: 1.2674305 | O154: 1.2704157
A155: =+WORKDAY(A154,1,Feriados!$A$2:$A$38) -> 46297 | B155: 1.034098 | C155: 1.2483078 | D155: 1.0945111 | E155: 1.5045411 | F155: 1.2774154 | G155: 1.2774154 | H155: 1.0262335 | I155: 1.2449642 | J155: 1.2542974 | K155: 1.3561211 | L155: 1.291212 | M155: 4.0712236 | N155: 1.2653342 | O155: 1.2732223
A156: =+WORKDAY(A155,1,Feriados!$A$2:$A$38) -> 46300 | B156: 1.0356566 | C156: 1.2505858 | D156: 1.0940565 | E156: 1.5063052 | F156: 1.2804176 | G156: 1.2804176 | H156: 1.0272335 | I156: 1.2489992 | J156: 1.2550632 | K156: 1.3539822 | L156: 1.2890466 | M156: 4.0846098 | N156: 1.2798167 | O156: 1.2748724
A157: =+WORKDAY(A156,1,Feriados!$A$2:$A$38) -> 46301 | B157: 1.0364563 | C157: 1.2508326 | D157: 1.0977551 | E157: 1.5070905 | F157: 1.2822477 | G157: 1.2822477 | H157: 1.0288155 | I157: 1.2497534 | J157: 1.2552875 | K157: 1.3604319 | L157: 1.2950826 | M157: 4.0900729 | N157: 1.2722121 | O157: 1.2755211
A158: =+WORKDAY(A157,1,Feriados!$A$2:$A$38) -> 46302 | B158: 1.036834 | C158: 1.2498274 | D158: 1.1007141 | E158: 1.5086614 | F158: 1.2838354 | G158: 1.2838354 | H158: 1.0285749 | I158: 1.2525074 | J158: 1.2563465 | K158: 1.3638211 | L158: 1.2972002 | M158: 4.0877081 | N158: 1.278249 | O158: 1.2755281
A159: =+WORKDAY(A158,1,Feriados!$A$2:$A$38) -> 46303 | B159: 1.0378953 | C159: 1.2506558 | D159: 1.1008574 | E159: 1.5098224 | F159: 1.284648 | G159: 1.284648 | H159: 1.0286919 | I159: 1.2515808 | J159: 1.2574978 | K159: 1.366406 | L159: 1.3004706 | M159: 4.08978 | N159: 1.277136 | O159: 1.2763399
A160: =+WORKDAY(A159,1,Feriados!$A$2:$A$38) -> 46304 | B160: 1.0415969 | C160: 1.2552227 | D160: 1.1029513 | E160: 1.5138894 | F160: 1.2905881 | G160: 1.2905881 | H160: 1.0299231 | I160: 1.2532986 | J160: 1.2621111 | K160: 1.3695477 | L160: 1.3063049 | M160: 4.094993 | N160: 1.2750866 | O160: 1.2799714
A161: =+WORKDAY(A160,1,Feriados!$A$2:$A$38) -> 46308 | B161: 1.0406138 | C161: 1.253712 | D161: 1.1039652 | E161: 1.5146934 | F161: 1.2911039 | G161: 1.2911039 | H161: 1.0300586 | I161: 1.2550335 | J161: 1.2606298 | K161: 1.3711844 | L161: 1.3084733 | M161: 4.1012387 | N161: 1.2767506 | O161: 1.2802405
A162: =+WORKDAY(A161,1,Feriados!$A$2:$A$38) -> 46309 | B162: =INDEX('[1]Precios historicos'!$A:$AZ,MATCH(B$1,'[1]Precios historicos'!$A:$A,0),MATCH($A162,'[1]Precios historicos'!$7:$7,0)) -> 1.0401347 | C162: =INDEX('[1]Precios historicos'!$A:$AZ,MATCH(C$1,'[1]Precios historicos'!$A:$A,0),MATCH($A162,'[1]Precios historicos'!$7:$7,0)) -> 1.2555192 | D162: =INDEX('[1]Precios historicos'!$A:$AZ,MATCH(D$1,'[1]Precios historicos'!$A:$A,0),MATCH($A162,'[1]Precios historicos'!$7:$7,0)) -> 1.1058991 | E162: =INDEX('[1]Precios historicos'!$A:$AZ,MATCH(E$1,'[1]Precios historicos'!$A:$A,0),MATCH($A162,'[1]Precios historicos'!$7:$7,0)) -> 1.5139638 | F162: =INDEX('[1]Precios historicos'!$A:$AZ,MATCH(F$1,'[1]Precios historicos'!$A:$A,0),MATCH($A162,'[1]Precios historicos'!$7:$7,0)) -> 1.291304 | G162: 1.291304 | H162: 1.0310102 | I162: 1.2571691 | J162: 1.260061 | K162: 1.3712633 | L162: 1.309046 | M162: 4.1108233 | N162: 1.2759047 | O162: 1.2795586
A163: =+WORKDAY(A162,1,Feriados!$A$2:$A$38) -> 46310 | B163: =INDEX('[1]Precios historicos'!$A:$AZ,MATCH(B$1,'[1]Precios historicos'!$A:$A,0),MATCH($A163,'[1]Precios historicos'!$7:$7,0)) -> 1.0380407 | C163: =INDEX('[1]Precios historicos'!$A:$AZ,MATCH(C$1,'[1]Precios historicos'!$A:$A,0),MATCH($A163,'[1]Precios historicos'!$7:$7,0)) -> 1.2569411 | D163: =INDEX('[1]Precios historicos'!$A:$AZ,MATCH(D$1,'[1]Precios historicos'!$A:$A,0),MATCH($A163,'[1]Precios historicos'!$7:$7,0)) -> 1.1100657 | E163: =INDEX('[1]Precios historicos'!$A:$AZ,MATCH(E$1,'[1]Precios historicos'!$A:$A,0),MATCH($A163,'[1]Precios historicos'!$7:$7,0)) -> 1.518184 | F163: =INDEX('[1]Precios historicos'!$A:$AZ,MATCH(F$1,'[1]Precios historicos'!$A:$A,0),MATCH($A163,'[1]Precios historicos'!$7:$7,0)) -> 1.2951695 | G163: 1.2951695 | H163: 1.0331343 | I163: 1.2612713 | J163: 1.2619768 | K163: 1.374823 | L163: 1.3161226 | M163: 4.131168 | N163: 1.279 | O163: 1.2819699
A164: =+WORKDAY(A163,1,Feriados!$A$2:$A$38) -> 46311 | B164: =INDEX('[2]Precios Históricos'!$A:$AZ,MATCH(B$1,'[2]Precios Históricos'!$B:$B,0),MATCH($A164,'[2]Precios Históricos'!$6:$6,0)) -> 1.0465052 | C164: =INDEX('[2]Precios Históricos'!$A:$AZ,MATCH(C$1,'[2]Precios Históricos'!$B:$B,0),MATCH($A164,'[2]Precios Históricos'!$6:$6,0)) -> 1.2600125 | D164: =INDEX('[2]Precios Históricos'!$A:$AZ,MATCH(D$1,'[2]Precios Históricos'!$B:$B,0),MATCH($A164,'[2]Precios Históricos'!$6:$6,0)) -> 1.1138336 | E164: =INDEX('[2]Precios Históricos'!$A:$AZ,MATCH(E$1,'[2]Precios Históricos'!$B:$B,0),MATCH($A164,'[2]Precios Históricos'!$6:$6,0)) -> 1.5226219 | F164: =INDEX('[2]Precios Históricos'!$A:$AZ,MATCH(F$1,'[2]Precios Históricos'!$B:$B,0),MATCH($A164,'[2]Precios Históricos'!$6:$6,0)) -> 1.2983718 | G164: =INDEX('[2]Precios Históricos'!$A:$AZ,MATCH(G$1,'[2]Precios Históricos'!$B:$B,0),MATCH($A164,'[2]Precios Históricos'!$6:$6,0)) -> 1.2983718 | H164: =INDEX('[2]Precios Históricos'!$A:$AZ,MATCH(H$1,'[2]Precios Históricos'!$B:$B,0),MATCH($A164,'[2]Precios Históricos'!$6:$6,0)) -> 1.0354951 | I164: =INDEX('[2]Precios Históricos'!$A:$AZ,MATCH(I$1,'[2]Precios Históricos'!$B:$B,0),MATCH($A164,'[2]Precios Históricos'!$6:$6,0)) -> 1.265538 | ... O164: =INDEX('[2]Precios Históricos'!$A:$AZ,MATCH(O$1,'[2]Precios Históricos'!$B:$B,0),MATCH($A164,'[2]Precios Históricos'!$6:$6,0)) -> 1.2836387

Sheet Tamar
A1: Fecha | B1: Tamar
A2: 45659 | B2: 34.3125
A3: 45660 | B3: 34.5
A4: 45663 | B4: 34.75
A5: 45664 | B5: 34.8125
A6: 45665 | B6: 33.9375
A7: 45666 | B7: 34.1875
A8: 45667 | B8: 34.1875
A9: 45670 | B9: 34.25
A10: 45671 | B10: 34.5625
A11: 45672 | B11: 32.875
A12: 45673 | B12: 33.1875
A13: 45674 | B13: 32.5625
... A255: 46042 | B255: 36.6875
A256: 46043 | B256: 36.9375 | C256: ,
A257: 46044 | B257: 38.0625
A258: 46045 | B258: 37.8125
A259: 46048 | B259: 35.625
A260: 46049 | B260: 34.5
A261: 46050 | B261: 32.625
A262: 46051 | B262: 31.75
A263: 46052 | B263: 32.9375 | C263: ,
A264: 46055 | B264: 32.6875
A265: 46056 | B265: 34
A266: 46057 | B266: 32.5625
A267: 46058 | B267: 32.1875
A268: 46059 | B268: 31.8125
A269: 46062 | B269: 31.1875
A270: 46063 | B270: 31.375
A271: 46064 | B271: 31.5625
A272: 46065 | B272: 32.375
A273: 46066 | B273: 33.4375
A274: 46071 | B274: 33.6875
A275: 46072 | B275: 34.625
... A419: 46288 | B419: 23.6875
A420: =+WORKDAY(A419,1,Feriados!$A$2:$A$38) -> 46289 | B420: =+IFERROR(VLOOKUP(A420,[3]Variables!$M:$N,2,0),0) -> 23.75
A421: =+WORKDAY(A420,1,Feriados!$A$2:$A$38) -> 46290 | B421: =+IFERROR(VLOOKUP(A421,[3]Variables!$M:$N,2,0),0) -> 23.625
A422: =+WORKDAY(A421,1,Feriados!$A$2:$A$38) -> 46293 | B422: =+IFERROR(VLOOKUP(A422,[3]Variables!$M:$N,2,0),0) -> 23.4375
A423: =+WORKDAY(A422,1,Feriados!$A$2:$A$38) -> 46294 | B423: =+IFERROR(VLOOKUP(A423,[3]Variables!$M:$N,2,0),0) -> 24.3125
A424: =+WORKDAY(A423,1,Feriados!$A$2:$A$38) -> 46295 | B424: =+IFERROR(VLOOKUP(A424,[3]Variables!$M:$N,2,0),0) -> 24.125
A425: =+WORKDAY(A424,1,Feriados!$A$2:$A$38) -> 46296 | B425: =+IFERROR(VLOOKUP(A425,[3]Variables!$M:$N,2,0),0) -> 24.4375
A426: =+WORKDAY(A425,1,Feriados!$A$2:$A$38) -> 46297 | B426: =+IFERROR(VLOOKUP(A426,[3]Variables!$M:$N,2,0),0) -> 24.5625
A427: =+WORKDAY(A426,1,Feriados!$A$2:$A$38) -> 46300 | B427: =+IFERROR(VLOOKUP(A427,[3]Variables!$M:$N,2,0),0) -> 23.75
A428: =+WORKDAY(A427,1,Feriados!$A$2:$A$38) -> 46301 | B428: =+IFERROR(VLOOKUP(A428,[3]Variables!$M:$N,2,0),0) -> 24.1875
A429: =+WORKDAY(A428,1,Feriados!$A$2:$A$38) -> 46302 | B429: =+IFERROR(VLOOKUP(A429,[3]Variables!$M:$N,2,0),0) -> 24
A430: =+WORKDAY(A429,1,Feriados!$A$2:$A$38) -> 46303 | B430: =+IFERROR(VLOOKUP(A430,[3]Variables!$M:$N,2,0),0) -> 24.125
A431: =+WORKDAY(A430,1,Feriados!$A$2:$A$38) -> 46304 | B431: =+IFERROR(VLOOKUP(A431,[3]Variables!$M:$N,2,0),0) -> 24.0625
... A434: =+WORKDAY(A433,1,Feriados!$A$2:$A$38) -> 46310 | B434: =+IFERROR(VLOOKUP(A434,[3]Variables!$M:$N,2,0),0) -> 24.5
A435: =+WORKDAY(A434,1,Feriados!$A$2:$A$38) -> 46311
A436: =+WORKDAY(A435,1,Feriados!$A$2:$A$38) -> 46314
A437: =+WORKDAY(A436,1,Feriados!$A$2:$A$38) -> 46315
A438: =+WORKDAY(A437,1,Feriados!$A$2:$A$38) -> 46316

Sheet CER
A1: Fecha | B1: CER
A2: 45659 | B2: 516.30554
A3: 45660 | B3: 516.70069
A4: 45663 | B4: 517.88796
A5: 45664 | B5: 518.28432
A6: 45665 | B6: 518.68098
A7: 45666 | B7: 519.07795
A8: 45667 | B8: 519.47522
A9: 45670 | B9: 520.66886
A10: 45671 | B10: 521.06736
A11: 45672 | B11: 521.46615
A12: 45673 | B12: 521.9145
A13: 45674 | B13: 522.36323
... A419: 46288 | B419: 843.96091
A420: =+WORKDAY(A419,1,[5]Feriados!$A$2:$A$38) -> 46289 | B420: 844.43527
A421: =+WORKDAY(A420,1,[5]Feriados!$A$2:$A$38) -> 46290 | B421: 844.9099
A422: =+WORKDAY(A421,1,[5]Feriados!$A$2:$A$38) -> 46293 | B422: 846.33537
A423: =+WORKDAY(A422,1,[5]Feriados!$A$2:$A$38) -> 46294 | B423: 846.81107
A424: =+WORKDAY(A423,1,[5]Feriados!$A$2:$A$38) -> 46295 | B424: 847.28703
A425: =+WORKDAY(A424,1,[5]Feriados!$A$2:$A$38) -> 46296 | B425: =+IFERROR(VLOOKUP(A425,[3]Variables!$P:$Q,2,0),B424) -> 847.76325
A426: =+WORKDAY(A425,1,[5]Feriados!$A$2:$A$38) -> 46297 | B426: =+IFERROR(VLOOKUP(A426,[3]Variables!$P:$Q,2,0),B425) -> 848.23975
A427: =+WORKDAY(A426,1,[5]Feriados!$A$2:$A$38) -> 46300 | B427: =+IFERROR(VLOOKUP(A427,[3]Variables!$P:$Q,2,0),B426) -> 849.67084
A428: =+WORKDAY(A427,1,[5]Feriados!$A$2:$A$38) -> 46301 | B428: =+IFERROR(VLOOKUP(A428,[3]Variables!$P:$Q,2,0),B427) -> 850.14841
A429: =+WORKDAY(A428,1,[5]Feriados!$A$2:$A$38) -> 46302 | B429: =+IFERROR(VLOOKUP(A429,[3]Variables!$P:$Q,2,0),B428) -> 850.62625
A430: =+WORKDAY(A429,1,[5]Feriados!$A$2:$A$38) -> 46303 | B430: =+IFERROR(VLOOKUP(A430,[3]Variables!$P:$Q,2,0),B429) -> 851.10435
A431: =+WORKDAY(A430,1,[5]Feriados!$A$2:$A$38) -> 46304 | B431: =+IFERROR(VLOOKUP(A431,[3]Variables!$P:$Q,2,0),B430) -> 851.58272
A432: =+WORKDAY(A431,1,[5]Feriados!$A$2:$A$38) -> 46308 | B432: =+IFERROR(VLOOKUP(A432,[3]Variables!$P:$Q,2,0),B431) -> 853.49891
A433: =+WORKDAY(A432,1,[5]Feriados!$A$2:$A$38) -> 46309 | B433: =+IFERROR(VLOOKUP(A433,[3]Variables!$P:$Q,2,0),B432) -> 853.97863
A434: =+WORKDAY(A433,1,[5]Feriados!$A$2:$A$38) -> 46310 | B434: =+IFERROR(VLOOKUP(A434,[3]Variables!$P:$Q,2,0),B433) -> 854.45862
A435: =+WORKDAY(A434,1,[5]Feriados!$A$2:$A$38) -> 46311 | B435: =+IFERROR(VLOOKUP(A435,[3]Variables!$P:$Q,2,0),B434) -> 854.97756
A436: =+WORKDAY(A435,1,Feriados!$A$2:$A$38) -> 46314 | B436: =+IFERROR(VLOOKUP(A436,[3]Variables!$P:$Q,2,0),B435) -> 856.53629
A437: =+WORKDAY(A436,1,Feriados!$A$2:$A$38) -> 46315 | B437: =+IFERROR(VLOOKUP(A437,[3]Variables!$P:$Q,2,0),B436) -> 857.05649
A438: =+WORKDAY(A437,1,Feriados!$A$2:$A$38) -> 46316 | B438: =+IFERROR(VLOOKUP(A438,[3]Variables!$P:$Q,2,0),B437) -> 857.57702
A439: =+WORKDAY(A438,1,Feriados!$A$2:$A$38) -> 46317 | B439: =+IFERROR(VLOOKUP(A439,[3]Variables!$P:$Q,2,0),B438) -> 858.09786
A440: =+WORKDAY(A439,1,Feriados!$A$2:$A$38) -> 46318 | B440: =+IFERROR(VLOOKUP(A440,[3]Variables!$P:$Q,2,0),B439) -> 858.61901
A441: =+WORKDAY(A440,1,Feriados!$A$2:$A$38) -> 46321 | B441: =+IFERROR(VLOOKUP(A441,[3]Variables!$P:$Q,2,0),B440) -> 860.18438
A442: =+WORKDAY(A441,1,Feriados!$A$2:$A$38) -> 46322 | B442: =+IFERROR(VLOOKUP(A442,[3]Variables!$P:$Q,2,0),B441) -> 860.7068
A443: =+WORKDAY(A442,1,Feriados!$A$2:$A$38) -> 46323 | B443: =+IFERROR(VLOOKUP(A443,[3]Variables!$P:$Q,2,0),B442) -> 861.22954
A444: =+WORKDAY(A443,1,Feriados!$A$2:$A$38) -> 46324 | B444: =+IFERROR(VLOOKUP(A444,[3]Variables!$P:$Q,2,0),B443) -> 861.7526
A445: =+WORKDAY(A444,1,Feriados!$A$2:$A$38) -> 46325 | B445: =+IFERROR(VLOOKUP(A445,[3]Variables!$P:$Q,2,0),B444) -> 862.27597
A446: =+WORKDAY(A445,1,Feriados!$A$2:$A$38) -> 46328 | B446: =+IFERROR(VLOOKUP(A446,[3]Variables!$P:$Q,2,0),B445) -> 863.848
A447: =+WORKDAY(A446,1,Feriados!$A$2:$A$38) -> 46329 | B447: =+IFERROR(VLOOKUP(A447,[3]Variables!$P:$Q,2,0),B446) -> 864.37265
... A596: =+WORKDAY(A595,1,Feriados!$A$2:$A$38) -> 46547 | B596: =+IFERROR(VLOOKUP(A596,[3]Variables!$P:$Q,2,0),B595) -> 869.63668

Sheet Feriados
A1: Feriados
A2: =+[4]Hoja1!$B31 -> 46167
A3: =+[4]Hoja1!$B32 -> 46188
A4: =+[4]Hoja1!$B33 -> 46212
A5: =+[4]Hoja1!$B34 -> 46213
A6: =+[4]Hoja1!$B35 -> 46251
A7: =+[4]Hoja1!$B36 -> 46307
A8: =+[4]Hoja1!$B37 -> 46332
A9: =+[4]Hoja1!$B38 -> 46335
A10: =+[4]Hoja1!$B39 -> 46336
A11: =+[4]Hoja1!$B40 -> 46349
A12: =+[4]Hoja1!$B41 -> 46363
A13: =+[4]Hoja1!$B42 -> 46364
A14: =+[4]Hoja1!$B43 -> 46381

Sheet Lecaps
A1: Ticker | B1: Emisión | C1: Vencimiento | D1: Tasa
A2: T15E7 | B2: 45688 | C2: 46402 | D2: 0.0205
A3: S29E7 | B3: 46265 | C3: 46416 | D3: 0.0219
A4: T31Y7 | B4: 46006 | C4: 46538 | D4: 0.024

Sheet Letam
A1: Ticker | B1: Emisión | C1: Vencimiento | D1: Tasa
A2: TMF27 | B2: 46066 | C2: 46444 | D2: 0.065
A3: TML27 | B3: 46203 | C3: 46598 | D3: 0.054

Sheet LECER
A1: Ticker | B1: Emisión | C1: Vencimiento | D1: Tasa | E1: CER inicial
A2: X29E7 | B2: 46248 | C2: 46416 | D2: 0 | E2: 815.4345
A3: TZXY7 | B3: 46006 | C3: 46538 | D3: 0 | E3: 659.6789
A4: TZX27 | B4: 45323 | C4: 46568 | D4: 0 | E4: 200.388
A5: TZXA7 | B5: 45989 | C5: 46507 | D5: 0 | E5: 651.8981
A6: X30N6 | B6: 46006 | C6: 46356 | D6: 0 | E6: 659.6789
